{
  "camera": {
    "field":      60,
    "background": [0.3, 0.3, 0.3]
  },
  
  "objects": [
    {
      "type":      "mesh",
      "triangles": [
        [ [-0.46737624334704964,-0.4326237566529504,-4.21737624334705], [-0.20000000000000007,-0.2673762433470495,-4.65], [-0.20000000000000007,0.2673762433470495,-4.65] ],
[ [-0.6326237566529505,0.0,-3.95], [-0.46737624334704964,-0.4326237566529504,-4.21737624334705], [-0.20000000000000007,0.2673762433470495,-4.65] ],
[ [-0.46737624334704964,0.4326237566529504,-4.21737624334705], [-0.6326237566529505,0.0,-3.95], [-0.20000000000000007,0.2673762433470495,-4.65] ],
[ [-0.6326237566529505,0.0,-5.3500000000000005], [-0.46737624334704964,0.4326237566529504,-5.082623756652951], [-0.20000000000000007,0.2673762433470495,-4.65] ],
[ [-0.46737624334704964,-0.4326237566529504,-5.082623756652951], [-0.6326237566529505,0.0,-5.3500000000000005], [-0.20000000000000007,0.2673762433470495,-4.65] ],
[ [-0.20000000000000007,-0.2673762433470495,-4.65], [-0.46737624334704964,-0.4326237566529504,-5.082623756652951], [-0.20000000000000007,0.2673762433470495,-4.65] ],
[ [-1.3326237566529504,-0.4326237566529504,-5.082623756652951], [-1.6,-0.2673762433470495,-4.65], [-1.6,0.2673762433470495,-4.65] ],
[ [-1.1673762433470496,0.0,-5.3500000000000005], [-1.3326237566529504,-0.4326237566529504,-5.082623756652951], [-1.6,0.2673762433470495,-4.65] ],
[ [-1.3326237566529504,0.4326237566529504,-5.082623756652951], [-1.1673762433470496,0.0,-5.3500000000000005], [-1.6,0.2673762433470495,-4.65] ],
[ [-1.1673762433470496,0.0,-3.95], [-1.3326237566529504,0.4326237566529504,-4.21737624334705], [-1.6,0.2673762433470495,-4.65] ],
[ [-1.3326237566529504,-0.4326237566529504,-4.21737624334705], [-1.1673762433470496,0.0,-3.95], [-1.6,0.2673762433470495,-4.65] ],
[ [-1.6,-0.2673762433470495,-4.65], [-1.3326237566529504,-0.4326237566529504,-4.21737624334705], [-1.6,0.2673762433470495,-4.65] ],
[ [-0.9,0.7,-4.91737624334705], [-1.3326237566529504,0.4326237566529504,-5.082623756652951], [-1.6,0.2673762433470495,-4.65] ],
[ [-0.9,0.7,-4.382623756652951], [-0.9,0.7,-4.91737624334705], [-1.6,0.2673762433470495,-4.65] ],
[ [-1.3326237566529504,0.4326237566529504,-4.21737624334705], [-0.9,0.7,-4.382623756652951], [-1.6,0.2673762433470495,-4.65] ],
[ [-0.9,0.7,-4.382623756652951], [-0.46737624334704964,0.4326237566529504,-4.21737624334705], [-0.20000000000000007,0.2673762433470495,-4.65] ],
[ [-0.9,0.7,-4.91737624334705], [-0.9,0.7,-4.382623756652951], [-0.20000000000000007,0.2673762433470495,-4.65] ],
[ [-0.46737624334704964,0.4326237566529504,-5.082623756652951], [-0.9,0.7,-4.91737624334705], [-0.20000000000000007,0.2673762433470495,-4.65] ],
[ [-0.9,-0.7,-4.91737624334705], [-0.46737624334704964,-0.4326237566529504,-5.082623756652951], [-0.20000000000000007,-0.2673762433470495,-4.65] ],
[ [-0.9,-0.7,-4.382623756652951], [-0.9,-0.7,-4.91737624334705], [-0.20000000000000007,-0.2673762433470495,-4.65] ],
[ [-0.46737624334704964,-0.4326237566529504,-4.21737624334705], [-0.9,-0.7,-4.382623756652951], [-0.20000000000000007,-0.2673762433470495,-4.65] ],
[ [-0.9,-0.7,-4.382623756652951], [-1.3326237566529504,-0.4326237566529504,-4.21737624334705], [-1.6,-0.2673762433470495,-4.65] ],
[ [-0.9,-0.7,-4.91737624334705], [-0.9,-0.7,-4.382623756652951], [-1.6,-0.2673762433470495,-4.65] ],
[ [-1.3326237566529504,-0.4326237566529504,-5.082623756652951], [-0.9,-0.7,-4.91737624334705], [-1.6,-0.2673762433470495,-4.65] ],
[ [-1.3326237566529504,-0.4326237566529504,-5.082623756652951], [-1.1673762433470496,0.0,-5.3500000000000005], [-0.6326237566529505,0.0,-5.3500000000000005] ],
[ [-0.9,-0.7,-4.91737624334705], [-1.3326237566529504,-0.4326237566529504,-5.082623756652951], [-0.6326237566529505,0.0,-5.3500000000000005] ],
[ [-0.46737624334704964,-0.4326237566529504,-5.082623756652951], [-0.9,-0.7,-4.91737624334705], [-0.6326237566529505,0.0,-5.3500000000000005] ],
[ [-1.1673762433470496,0.0,-5.3500000000000005], [-1.3326237566529504,0.4326237566529504,-5.082623756652951], [-0.9,0.7,-4.91737624334705] ],
[ [-0.6326237566529505,0.0,-5.3500000000000005], [-1.1673762433470496,0.0,-5.3500000000000005], [-0.9,0.7,-4.91737624334705] ],
[ [-0.46737624334704964,0.4326237566529504,-5.082623756652951], [-0.6326237566529505,0.0,-5.3500000000000005], [-0.9,0.7,-4.91737624334705] ],
[ [-0.6326237566529505,0.0,-3.95], [-0.46737624334704964,0.4326237566529504,-4.21737624334705], [-0.9,0.7,-4.382623756652951] ],
[ [-1.1673762433470496,0.0,-3.95], [-0.6326237566529505,0.0,-3.95], [-0.9,0.7,-4.382623756652951] ],
[ [-1.3326237566529504,0.4326237566529504,-4.21737624334705], [-1.1673762433470496,0.0,-3.95], [-0.9,0.7,-4.382623756652951] ],
[ [-1.1673762433470496,0.0,-3.95], [-1.3326237566529504,-0.4326237566529504,-4.21737624334705], [-0.9,-0.7,-4.382623756652951] ],
[ [-0.6326237566529505,0.0,-3.95], [-1.1673762433470496,0.0,-3.95], [-0.9,-0.7,-4.382623756652951] ],
[ [-0.46737624334704964,-0.4326237566529504,-4.21737624334705], [-0.6326237566529505,0.0,-3.95], [-0.9,-0.7,-4.382623756652951] ]

      ],
      "material": {
        "ambient": [0.15, 0.15, 0.35],
        "diffuse": [0.7, 0, 0.8]
      }
    },


        {
      "type":        "sphere",
      "radius":      1.3,
      "position":    [0.05, 1.4, -7.5],
      "material": {
         "ambient":   [0.075, 0.075, 0.333],
         "diffuse":   [0.3, 0.3, 1]
         
      }
    },

        {
      "type":        "sphere",
      "radius":      0.8,
      "position":    [1.05, 0.0, -5.2],
      "material": {
         "ambient":   [0.075, 0.075, 0.333],
         "diffuse":   [1, 0.3, 0.3],
         "transmissive": [0.2, 0.2, 0.2]
      }
    },

    {
      "type":      "plane",
      "position":  [0, -0.9, -4.8],
      "normal":    [0, 1, 0.4],
      "material": {
         "ambient":    [0.1, 0.1, 0.1],
         "specular":   [0.5, 0.5, 0.5],
         "shininess":  1,
         "reflective": [0.8, 0.8, 0.8]
      }
    },

        {
      "type":      "plane",
      "position":  [0, -0.9, -8],
      "normal":    [0, 0.2, 1],
      "material": {
         "ambient":    [0.1, 0.1, 0.1],
         "specular":   [0.5, 0.5, 0.5],
         "shininess":  1,
         "reflective": [0.8, 0.8, 0.8]
      }
    }
  ],
  
  "lights": [
    {
      "type":  "ambient",
      "color": [1, 1, 1]
    },
    {
      "type":      "directional",
      "color":     [0.4, 0.4, 0.4],
      "direction": [-1, -1, -0.1]
    },
    {
      "type":      "directional",
      "color":     [0.4, 0.4, 0.4],
      "direction": [-0.2, 0, -1]
    },
    {
      "type":      "directional",
      "color":     [1, 1, 1],
      "direction": [1, -0.6, -0.1]
    }
  ]
}